,City,Lat,Lng,Max Temp,Humidity,Cloudiness,Wind Speed,Country,Date
0,Guerrero Negro,27.98,-114.06,62.92,60,3,5.53,MX,2020-10-29 05:35:31
1,Mataura,-46.19,168.86,63.0,70,30,1.99,NZ,2020-10-29 05:35:31
2,Busselton,-33.65,115.33,79.0,25,0,3.51,AU,2020-10-29 05:35:31
3,Hobart,-42.88,147.33,62.6,42,20,12.75,AU,2020-10-29 05:32:07
4,Latur,18.4,76.58,80.38,40,29,5.99,IN,2020-10-29 05:35:31
5,Hermanus,-34.42,19.23,59.0,84,95,3.0,ZA,2020-10-29 05:35:31
6,Bahir Dar,11.59,37.39,66.87,61,0,5.68,ET,2020-10-29 05:35:31
7,New Norfolk,-42.78,147.06,62.6,42,20,12.75,AU,2020-10-29 05:35:32
8,Boyolangu,-8.12,111.89,86.04,64,14,8.37,ID,2020-10-29 05:35:32
9,Atasu,48.68,71.64,33.62,82,100,11.05,KZ,2020-10-29 05:35:32
10,Cabo San Lucas,22.89,-109.91,72.0,59,54,1.01,MX,2020-10-29 05:35:32
11,Ushuaia,-54.8,-68.3,42.8,81,90,29.97,AR,2020-10-29 05:35:32
12,Kaitangata,-46.28,169.85,53.01,87,89,15.01,NZ,2020-10-29 05:35:32
13,Porto Novo,6.5,2.6,78.8,94,40,3.36,BJ,2020-10-29 05:35:33
14,Erzin,36.96,36.2,69.01,79,3,4.0,TR,2020-10-29 05:35:33
15,Barrow,71.29,-156.79,21.2,85,90,11.41,US,2020-10-29 05:35:33
16,Pareora,-44.49,171.21,55.99,86,97,4.0,NZ,2020-10-29 05:35:33
17,Albany,42.6,-73.97,45.0,100,98,4.38,US,2020-10-29 05:34:39
18,Gorontalo,0.54,123.06,84.74,70,100,2.86,ID,2020-10-29 05:31:13
19,Cape Town,-33.93,18.42,60.01,93,75,8.05,ZA,2020-10-29 05:34:48
20,Vanimo,-2.67,141.3,85.12,74,90,10.71,PG,2020-10-29 05:35:33
21,Ukwa,21.97,80.47,83.89,35,50,2.86,IN,2020-10-29 05:35:33
22,Saskylakh,71.92,114.08,0.3,89,76,5.77,RU,2020-10-29 05:35:33
23,Rikitea,-23.12,-134.97,74.77,81,99,9.89,PF,2020-10-29 05:35:34
24,Port Alfred,-33.59,26.89,67.51,82,99,9.26,ZA,2020-10-29 05:35:34
25,Bluff,-46.6,168.33,63.0,70,33,1.99,NZ,2020-10-29 05:35:34
26,Jamestown,42.1,-79.24,42.01,93,1,5.82,US,2020-10-29 05:35:34
27,La Ronge,55.1,-105.28,26.6,86,89,6.93,CA,2020-10-29 05:35:34
28,Mar Del Plata,-38.0,-57.56,51.01,81,0,10.29,AR,2020-10-29 05:35:34
29,Tongzi,28.78,105.09,69.75,56,42,3.2,CN,2020-10-29 05:35:34
30,Punta Arenas,-53.15,-70.92,46.4,65,40,40.26,CL,2020-10-29 05:35:21
31,Dueville,45.63,11.55,51.01,92,98,1.68,IT,2020-10-29 05:35:34
32,Ponta Do Sol,32.67,-17.1,68.0,72,40,8.05,PT,2020-10-29 05:35:34
33,Saint-Philippe,-21.36,55.77,75.2,73,75,23.04,RE,2020-10-29 05:35:34
34,Georgetown,5.41,100.34,86.0,79,20,5.82,MY,2020-10-29 05:35:34
35,Ribeira Grande,38.52,-28.7,68.2,87,80,22.68,PT,2020-10-29 05:35:35
36,Dikson,73.51,80.55,3.6,86,4,19.17,RU,2020-10-29 05:35:35
37,Sept-Iles,50.2,-66.38,32.0,100,90,9.17,CA,2020-10-29 05:33:34
38,Puerto Ayora,-0.74,-90.35,66.99,96,70,1.99,EC,2020-10-29 05:35:35
39,Vao,-22.67,167.48,72.97,79,0,15.7,NC,2020-10-29 05:35:35
40,Tautira,-17.73,-149.15,78.8,74,75,9.17,PF,2020-10-29 05:35:35
41,Latung,5.5,120.88,84.34,74,11,11.18,PH,2020-10-29 05:35:35
42,Suoyarvi,62.08,32.35,44.74,90,100,10.87,RU,2020-10-29 05:35:35
43,Lompoc,34.64,-120.46,55.0,52,1,5.44,US,2020-10-29 05:34:53
44,Kapaa,22.08,-159.32,73.4,88,90,5.82,US,2020-10-29 05:35:35
45,Pimentel,-6.84,-79.93,61.75,89,96,12.8,PE,2020-10-29 05:35:35
46,Kupang,-10.17,123.58,88.84,58,4,5.01,ID,2020-10-29 05:35:35
47,Berlevag,70.86,29.09,30.2,86,75,12.75,NO,2020-10-29 05:35:36
48,Muroto,33.28,134.15,73.4,40,20,10.29,JP,2020-10-29 05:35:36
49,Maningrida,-12.07,134.27,90.7,47,4,11.92,AU,2020-10-29 05:35:36
50,Aste,45.79,11.1,48.0,84,98,1.01,IT,2020-10-29 05:35:36
51,Hilo,19.73,-155.09,80.6,74,90,1.88,US,2020-10-29 05:35:36
52,Tres Barras,-26.11,-50.32,54.66,72,13,1.23,BR,2020-10-29 05:35:36
53,Butaritari,3.07,172.79,81.77,73,72,2.89,KI,2020-10-29 05:35:36
54,Nikolskoye,59.7,30.79,48.2,87,40,4.47,RU,2020-10-29 05:35:36
55,Sola,-13.88,167.55,80.47,79,10,20.18,VU,2020-10-29 05:35:36
56,Urumqi,43.8,87.6,44.6,39,0,8.95,CN,2020-10-29 05:35:37
57,Inhambane,-23.86,35.38,78.8,69,75,11.41,MZ,2020-10-29 05:35:37
58,Khatanga,71.97,102.5,1.53,88,0,10.51,RU,2020-10-29 05:35:37
59,Kamenka,51.32,42.77,37.67,72,0,12.24,RU,2020-10-29 05:35:37
60,Wuxue,29.85,115.55,71.71,55,32,3.62,CN,2020-10-29 05:35:37
61,Antibes,43.56,7.13,53.6,81,75,11.41,FR,2020-10-29 05:35:37
62,Nanlong,31.35,106.06,64.06,68,77,5.12,CN,2020-10-29 05:35:37
63,San Andres,12.58,-81.7,82.4,83,40,8.05,CO,2020-10-29 05:35:37
64,Chuy,-33.7,-53.46,54.1,74,58,12.15,UY,2020-10-29 05:35:37
65,San Cristobal,7.77,-72.22,66.6,85,95,1.88,VE,2020-10-29 05:35:37
66,Nogales,31.31,-110.94,48.2,31,1,4.7,MX,2020-10-29 05:35:38
67,Bonavista,48.65,-53.11,28.0,79,93,5.82,CA,2020-10-29 05:35:38
68,Burriana,39.89,-0.09,55.0,73,0,4.25,ES,2020-10-29 05:35:38
69,Riverton,40.52,-111.94,39.0,69,1,5.82,US,2020-10-29 05:35:22
70,Bredasdorp,-34.53,20.04,60.8,72,93,17.22,ZA,2020-10-29 05:35:38
71,Nizwa,22.93,57.53,83.59,14,0,2.62,OM,2020-10-29 05:35:38
72,Termiz,37.22,67.28,48.2,29,0,2.24,UZ,2020-10-29 05:32:23
73,Uinskoye,56.88,56.58,32.31,91,55,12.75,RU,2020-10-29 05:35:38
74,Mgandu,-5.95,34.13,72.3,48,56,14.83,TZ,2020-10-29 05:35:38
75,Provideniya,64.38,-173.3,24.8,62,40,4.47,RU,2020-10-29 05:35:38
76,Muhos,64.81,25.99,46.4,87,90,8.05,FI,2020-10-29 05:35:39
77,Clyde River,70.47,-68.59,19.4,92,90,20.8,CA,2020-10-29 05:35:39
78,Nan,18.83,100.67,71.22,91,99,1.59,TH,2020-10-29 05:35:39
79,Longyearbyen,78.22,15.64,24.8,62,75,17.22,SJ,2020-10-29 05:35:39
80,Abu Kamal,34.45,40.92,79.23,16,48,5.48,SY,2020-10-29 05:35:39
81,Buraydah,26.33,43.98,64.4,36,0,5.28,SA,2020-10-29 05:31:35
82,Atar,20.52,-13.05,75.54,26,36,8.46,MR,2020-10-29 05:35:39
83,Man,7.41,-7.55,69.31,92,61,1.99,CI,2020-10-29 05:35:39
84,Ancud,-41.87,-73.82,41.0,93,17,3.36,CL,2020-10-29 05:35:24
85,Olafsvik,64.89,-23.71,43.29,69,90,31.43,IS,2020-10-29 05:35:39
86,Daraitan,14.6,121.43,86.0,79,75,8.05,PH,2020-10-29 05:35:39
87,Coronel Bogado,-27.18,-56.3,67.15,69,69,9.82,PY,2020-10-29 05:35:39
88,Avarua,-21.21,-159.78,73.4,83,29,4.7,CK,2020-10-29 05:35:31
89,Kabac,11.24,123.7,84.43,75,17,11.88,PH,2020-10-29 05:35:40
90,Jasper,37.2,-94.35,44.6,93,90,14.99,US,2020-10-29 05:35:40
91,Tuatapere,-46.13,167.68,63.0,70,22,1.99,NZ,2020-10-29 05:35:40
92,Moose Factory,51.26,-80.61,21.2,73,75,10.29,CA,2020-10-29 05:35:40
93,Kodiak,57.79,-152.41,39.2,64,90,6.93,US,2020-10-29 05:34:29
94,Nanortalik,60.14,-45.24,31.66,96,100,5.55,GL,2020-10-29 05:35:40
95,Terre Haute,39.47,-87.41,48.99,99,100,1.99,US,2020-10-29 05:35:40
96,Tazmalt,36.39,4.4,55.4,82,0,10.29,DZ,2020-10-29 05:35:40
97,Ambilobe,-13.2,49.05,90.48,33,0,7.72,MG,2020-10-29 05:35:40
98,Vostok,46.49,135.88,29.19,100,100,11.56,RU,2020-10-29 05:35:40
99,Charlestown,-32.95,151.67,69.01,80,19,1.01,AU,2020-10-29 05:35:41
100,Agidel,55.91,53.94,33.98,85,4,11.81,RU,2020-10-29 05:35:41
101,Martapura,-3.42,114.85,91.13,55,77,3.58,ID,2020-10-29 05:35:41
102,Pangkalanbuun,-2.68,111.62,87.01,73,43,3.13,ID,2020-10-29 05:35:41
103,Hatillo,18.49,-66.83,75.0,96,13,13.56,PR,2020-10-29 05:35:41
104,Santa Rosa,14.31,121.11,86.0,79,75,8.05,PH,2020-10-29 05:35:41
105,Thompson,55.74,-97.86,-0.4,84,5,4.09,CA,2020-10-29 05:35:41
106,San Patricio,28.02,-97.52,51.01,76,1,4.7,US,2020-10-29 05:35:41
107,Kutum,14.2,24.67,74.91,24,0,14.25,SD,2020-10-29 05:35:41
108,Livingston,55.9,-3.52,46.0,93,20,12.75,GB,2020-10-29 05:35:42
109,Padang,-0.95,100.35,85.51,62,99,5.66,ID,2020-10-29 05:35:42
110,Esqueda,30.72,-109.58,42.58,55,0,2.95,MX,2020-10-29 05:35:42
111,Airai,-8.93,125.41,73.13,72,37,3.38,TL,2020-10-29 05:35:42
112,Udachnyy,66.42,112.4,-4.25,88,0,1.92,RU,2020-10-29 05:35:42
113,Ternate,0.8,127.4,82.06,76,100,8.43,ID,2020-10-29 05:35:42
114,Maua,-23.67,-46.46,72.0,56,0,2.24,BR,2020-10-29 05:35:42
115,Arraial Do Cabo,-22.97,-42.03,73.4,100,0,3.36,BR,2020-10-29 05:35:42
116,Hithadhoo,-0.6,73.08,83.68,73,0,10.8,MV,2020-10-29 05:31:31
117,Vigrestad,58.57,5.7,44.01,97,85,3.0,NO,2020-10-29 05:35:42
118,Carauari,-4.88,-66.9,75.38,91,87,1.28,BR,2020-10-29 05:35:42
119,Svetlyy,54.67,20.13,48.2,100,75,6.71,RU,2020-10-29 05:35:42
120,Shimizu,43.01,142.88,53.6,66,40,8.05,JP,2020-10-29 05:35:42
121,Vestmanna,62.16,-7.17,46.4,100,52,14.99,FO,2020-10-29 05:35:43
122,Tuktoyaktuk,69.45,-133.04,19.4,92,90,23.04,CA,2020-10-29 05:35:43
123,Sitka,57.05,-135.33,39.2,93,40,5.82,US,2020-10-29 05:35:43
124,Husavik,66.04,-17.34,41.0,75,20,9.17,IS,2020-10-29 05:35:43
125,Kuching,1.55,110.33,87.8,74,20,5.82,MY,2020-10-29 05:35:43
126,Nha Trang,12.25,109.18,86.0,66,40,8.05,VN,2020-10-29 05:35:43
127,Palkino,57.54,28.01,50.0,93,75,2.24,RU,2020-10-29 05:35:43
128,Kavieng,-2.57,150.8,84.72,69,35,7.34,PG,2020-10-29 05:35:43
129,Atuona,-9.8,-139.03,78.01,74,7,15.23,PF,2020-10-29 05:35:43
130,Okhotsk,59.38,143.3,29.23,95,99,7.83,RU,2020-10-29 05:35:43
131,Katsuura,35.13,140.3,75.99,37,20,6.93,JP,2020-10-29 05:35:43
132,George,-33.96,22.46,59.0,100,20,6.93,ZA,2020-10-29 05:35:43
133,Tomatlan,19.93,-105.25,73.54,94,1,2.66,MX,2020-10-29 05:35:43
134,Kruisfontein,-34.0,24.73,63.0,92,100,1.01,ZA,2020-10-29 05:35:44
135,Raudeberg,61.99,5.14,46.0,94,100,8.01,NO,2020-10-29 05:35:44
136,Steamboat Springs,40.48,-106.83,30.2,100,1,1.83,US,2020-10-29 05:35:44
137,Castro,-24.79,-50.01,59.4,48,16,1.23,BR,2020-10-29 05:35:44
138,Moerai,-22.43,-151.33,75.65,86,98,12.82,PF,2020-10-29 05:35:44
139,Bethel,41.37,-73.41,48.0,93,1,2.01,US,2020-10-29 05:35:44
140,Nome,64.5,-165.41,26.6,73,1,6.93,US,2020-10-29 05:32:30
141,Wijchen,51.8,5.72,46.99,87,40,10.29,NL,2020-10-29 05:35:44
142,Chivilcoy,-34.9,-60.02,51.01,89,6,4.0,AR,2020-10-29 05:35:44
143,Aljezur,37.32,-8.8,60.71,87,0,5.97,PT,2020-10-29 05:35:44
144,Klaksvik,62.23,-6.59,46.4,100,55,14.99,FO,2020-10-29 05:35:44
145,Sorland,67.67,12.69,37.4,93,20,2.24,NO,2020-10-29 05:35:44
146,Otradnoye,59.78,30.82,48.2,87,40,4.47,RU,2020-10-29 05:35:44
147,Yellowknife,62.46,-114.35,17.6,92,75,12.75,CA,2020-10-29 05:31:37
148,Honiara,-9.43,159.95,84.2,79,90,5.82,SB,2020-10-29 05:35:45
149,Fairbanks,64.84,-147.72,19.99,92,90,0.63,US,2020-10-29 05:34:09
150,Puerto Escondido,15.85,-97.07,78.94,82,60,4.41,MX,2020-10-29 05:35:45
151,Salalah,17.02,54.09,86.0,58,20,2.24,OM,2020-10-29 05:30:52
152,East London,-33.02,27.91,66.2,93,75,12.75,ZA,2020-10-29 05:33:53
153,Heinola,61.21,26.04,48.2,93,90,6.93,FI,2020-10-29 05:35:45
154,Yaan,7.38,8.57,73.53,93,82,5.01,NG,2020-10-29 05:35:45
155,Vilyuysk,63.76,121.62,3.74,91,52,2.37,RU,2020-10-29 05:35:45
156,Mahebourg,-20.41,57.7,80.01,56,62,10.0,MU,2020-10-29 05:35:45
157,Faya,18.39,42.45,57.2,28,0,9.17,SA,2020-10-29 05:35:45
158,Lorengau,-2.02,147.27,83.98,75,43,4.23,PG,2020-10-29 05:35:45
159,Hamilton,39.18,-84.53,52.0,93,90,9.17,US,2020-10-29 05:35:45
160,Badiraguato,25.37,-107.52,69.8,46,5,3.31,MX,2020-10-29 05:35:45
161,Bowen,-20.02,148.23,87.8,48,0,12.75,AU,2020-10-29 05:35:46
162,Paracatu,-17.22,-46.87,70.57,84,98,1.48,BR,2020-10-29 05:35:46
163,Kalianget,-7.05,113.93,87.55,62,91,11.83,ID,2020-10-29 05:35:46
164,Poya,-21.35,165.15,79.38,58,38,4.63,NC,2020-10-29 05:35:46
165,Mount Gambier,-37.83,140.77,55.4,93,90,12.75,AU,2020-10-29 05:35:46
166,Bambous Virieux,-20.34,57.76,80.01,56,59,10.0,MU,2020-10-29 05:35:46
167,Baley,51.6,116.63,39.79,66,50,2.26,RU,2020-10-29 05:35:46
168,Victoria,22.29,114.16,78.01,65,96,5.99,HK,2020-10-29 05:35:46
169,Dire,12.28,-10.97,67.98,45,2,2.44,ML,2020-10-29 05:35:46
170,Sangar,63.92,127.47,-0.29,92,91,7.25,RU,2020-10-29 05:35:46
171,Cherskiy,68.75,161.3,4.71,93,76,3.49,RU,2020-10-29 05:35:46
172,Peniche,39.36,-9.38,57.99,90,0,7.16,PT,2020-10-29 05:35:46
173,Vaini,-21.2,-175.2,73.4,73,20,11.41,TO,2020-10-29 05:35:47
174,Akdepe,42.06,59.38,41.0,56,0,11.41,TM,2020-10-29 05:35:47
175,Caravelas,-17.71,-39.25,77.2,86,100,12.75,BR,2020-10-29 05:35:47
176,Chokurdakh,70.63,147.92,-1.57,92,66,7.05,RU,2020-10-29 05:35:47
177,Bende,5.56,7.64,73.98,96,99,3.44,NG,2020-10-29 05:35:47
178,Kavaratti,10.57,72.64,82.63,71,56,6.82,IN,2020-10-29 05:35:47
179,Mehamn,71.04,27.85,30.2,86,75,12.75,NO,2020-10-29 05:35:47
180,Port-Gentil,-0.72,8.78,77.0,100,90,8.05,GA,2020-10-29 05:34:15
181,Zaragoza,41.66,-0.88,54.0,87,40,3.36,ES,2020-10-29 05:35:47
182,Orissaare,58.56,23.08,52.0,93,90,9.17,EE,2020-10-29 05:35:47
183,Inuvik,68.35,-133.72,21.2,67,63,13.87,CA,2020-10-29 05:33:37
184,Marawi,8.0,124.29,84.0,74,52,5.99,PH,2020-10-29 05:35:47
185,Raton,36.9,-104.44,39.2,60,75,18.34,US,2020-10-29 05:33:17
186,Krasnooktyabrskiy,44.93,38.37,50.0,93,0,2.24,RU,2020-10-29 05:35:47
187,Severo-Kurilsk,50.68,156.12,43.48,81,93,4.03,RU,2020-10-29 05:35:47
188,Keflavik,64.0,-22.56,46.4,74,90,24.16,IS,2020-10-29 05:35:47
189,Khash,28.22,61.22,68.34,17,0,7.36,IR,2020-10-29 05:35:47
190,Mineiros,-17.57,-52.55,68.49,89,95,7.38,BR,2020-10-29 05:35:48
191,Sembakung,3.82,117.25,80.8,85,100,3.6,ID,2020-10-29 05:35:48
192,Arcos,-20.28,-45.54,70.81,68,50,0.83,BR,2020-10-29 05:35:48
193,Codrington,-38.27,141.97,58.05,82,98,7.96,AU,2020-10-29 05:35:48
194,Kapit,2.02,112.93,85.91,69,89,2.93,MY,2020-10-29 05:35:48
195,Talnakh,69.49,88.4,8.37,82,31,3.89,RU,2020-10-29 05:35:48
196,Pozoblanco,38.38,-4.85,50.0,93,0,1.12,ES,2020-10-29 05:35:48
197,Kurchum,48.57,83.65,34.88,87,100,5.93,KZ,2020-10-29 05:35:48
198,Lagoa,39.05,-27.98,67.96,88,55,26.06,PT,2020-10-29 05:35:49
199,Los Llanos De Aridane,28.66,-17.92,68.0,82,90,8.05,ES,2020-10-29 05:35:49
200,Ostersund,63.18,14.64,42.8,75,0,10.29,SE,2020-10-29 05:35:49
201,Mitzic,0.78,11.55,69.35,99,93,0.98,GA,2020-10-29 05:35:49
202,Moron,-34.65,-58.62,55.0,99,0,1.01,AR,2020-10-29 05:35:49
203,Vieques,18.43,-65.83,80.6,88,40,6.93,PR,2020-10-29 05:35:49
204,Port Elizabeth,-33.92,25.57,64.4,88,20,8.05,ZA,2020-10-29 05:35:49
205,Monaragala,6.87,81.35,91.81,50,45,0.85,LK,2020-10-29 05:35:49
206,Boysun,38.21,67.2,50.07,38,0,5.26,UZ,2020-10-29 05:35:49
207,Gallup,35.53,-108.74,34.0,84,1,4.0,US,2020-10-29 05:30:51
208,Mogadishu,2.04,45.34,81.28,75,5,8.93,SO,2020-10-29 05:35:50
209,Tigre,-34.43,-58.58,52.0,93,1,4.7,AR,2020-10-29 05:35:50
210,Fortuna,40.6,-124.16,48.2,87,1,3.36,US,2020-10-29 05:34:27
211,Haines Junction,60.75,-137.51,26.6,92,96,1.12,CA,2020-10-29 05:35:50
212,Hobyo,5.35,48.53,81.12,71,62,4.5,SO,2020-10-29 05:35:50
213,Kodinsk,58.69,99.18,35.49,82,77,9.48,RU,2020-10-29 05:35:50
214,Teguise,29.06,-13.56,68.0,77,0,11.41,ES,2020-10-29 05:35:50
215,Hasaki,35.73,140.83,75.99,43,20,3.36,JP,2020-10-29 05:35:50
216,Carnarvon,-24.87,113.63,78.8,61,25,11.41,AU,2020-10-29 05:35:50
217,Zhigansk,66.77,123.37,-7.13,90,13,3.31,RU,2020-10-29 05:35:50
218,Zhicheng,30.3,111.5,70.0,47,22,1.99,CN,2020-10-29 05:35:50
219,Hualmay,-11.1,-77.61,61.61,86,39,8.37,PE,2020-10-29 05:35:50
220,Puerto Madero,14.72,-92.42,79.41,83,100,6.62,MX,2020-10-29 05:35:51
221,Nedjo,9.5,35.5,68.07,71,0,4.18,ET,2020-10-29 05:35:51
222,Biloela,-24.42,150.5,84.15,16,0,11.79,AU,2020-10-29 05:35:51
223,Nioaque,-21.14,-55.83,73.0,94,72,4.45,BR,2020-10-29 05:35:51
224,Makakilo City,21.35,-158.09,77.0,78,90,5.82,US,2020-10-29 05:35:51
225,Leningradskiy,69.38,178.42,16.39,89,55,15.5,RU,2020-10-29 05:35:51
226,Tasiilaq,65.61,-37.64,33.8,43,100,18.34,GL,2020-10-29 05:35:51
227,Kahului,20.89,-156.47,82.4,69,40,13.87,US,2020-10-29 05:32:32
228,Zhangye,38.93,100.45,65.84,20,0,4.7,CN,2020-10-29 05:35:52
229,Qaanaaq,77.48,-69.36,7.74,74,45,8.68,GL,2020-10-29 05:35:52
230,Monywa,22.12,95.13,88.27,62,100,9.69,MM,2020-10-29 05:35:52
231,Bambanglipuro,-7.95,110.28,85.32,69,55,13.02,ID,2020-10-29 05:35:52
232,Upernavik,72.79,-56.15,15.04,85,92,11.01,GL,2020-10-29 05:35:52
233,Keelung,25.13,121.74,77.0,83,75,12.75,TW,2020-10-29 05:35:52
234,Sioux Lookout,50.1,-91.92,19.4,67,90,6.93,CA,2020-10-29 05:35:52
235,Yulara,-25.24,130.99,100.4,8,0,17.22,AU,2020-10-29 05:35:52
236,North Bend,43.41,-124.22,51.01,100,1,4.7,US,2020-10-29 05:35:52
237,Arlit,18.74,7.39,74.62,18,0,6.08,NE,2020-10-29 05:35:52
238,Isangel,-19.55,169.27,82.4,61,75,6.93,VU,2020-10-29 05:35:53
239,Toyooka,35.53,134.83,59.0,62,75,8.05,JP,2020-10-29 05:31:33
240,Dali,25.7,100.18,69.13,65,69,2.57,CN,2020-10-29 05:35:53
241,Esperance,-33.87,121.9,68.0,52,10,19.46,AU,2020-10-29 05:35:53
242,Georgiyevka,43.04,74.71,37.4,69,0,6.71,KZ,2020-10-29 05:35:53
243,Tambacounda,13.75,-13.76,69.8,83,0,4.54,SN,2020-10-29 05:35:53
244,Lasa,46.62,10.7,42.01,86,75,3.36,IT,2020-10-29 05:35:53
245,Morristown,36.21,-83.29,66.2,100,90,3.36,US,2020-10-29 05:32:51
246,Baoshan,46.56,131.42,39.69,68,63,15.39,CN,2020-10-29 05:35:53
247,Biak,-0.91,122.88,85.24,61,46,3.33,ID,2020-10-29 05:35:53
248,Noumea,-22.28,166.46,89.6,35,0,9.17,NC,2020-10-29 05:35:53
249,Shebunino,46.43,141.86,47.8,82,100,5.79,RU,2020-10-29 05:35:53
250,Puerto Ayacucho,5.66,-67.62,75.24,91,77,2.48,VE,2020-10-29 05:35:53
251,Dauphin,51.15,-100.05,23.0,85,90,2.24,CA,2020-10-29 05:32:54
252,Luwuk,-0.95,122.79,87.31,55,53,3.31,ID,2020-10-29 05:35:53
253,Hinche,19.15,-72.02,77.0,94,1,4.7,HT,2020-10-29 05:35:54
254,Garowe,8.41,48.48,79.03,58,22,5.91,SO,2020-10-29 05:35:54
255,Mach,29.86,67.33,75.67,15,0,2.89,PK,2020-10-29 05:35:54
256,Dubbo,-32.25,148.62,77.0,33,40,8.05,AU,2020-10-29 05:35:04
257,Faanui,-16.48,-151.75,79.68,80,18,11.92,PF,2020-10-29 05:35:54
258,Narsaq,60.92,-46.05,30.2,80,100,2.15,GL,2020-10-29 05:35:54
259,Eyemouth,55.87,-2.09,44.01,90,31,1.99,GB,2020-10-29 05:35:54
260,Thinadhoo,0.53,72.93,83.66,74,16,12.03,MV,2020-10-29 05:35:54
261,Namatanai,-3.67,152.43,84.33,69,93,2.01,PG,2020-10-29 05:35:54
262,Grindavik,63.84,-22.43,44.6,81,90,24.16,IS,2020-10-29 05:35:54
263,Turan,16.07,108.22,84.2,79,40,13.87,VN,2020-10-29 05:34:29
264,Vestmannaeyjar,63.44,-20.27,46.8,86,87,43.2,IS,2020-10-29 05:35:54
265,Rosetta,31.4,30.42,60.8,93,0,6.38,EG,2020-10-29 05:35:54
266,Poum,-20.23,164.02,77.43,76,18,16.33,NC,2020-10-29 05:35:54
267,Marshall,34.38,-86.33,73.99,94,90,8.05,US,2020-10-29 05:35:55
268,Cap-Aux-Meules,47.38,-61.86,37.4,69,88,10.29,CA,2020-10-29 05:35:55
269,Porto Santo,33.07,-16.34,66.2,72,40,8.05,PT,2020-10-29 05:35:55
270,Lavrentiya,65.58,-171.0,26.01,87,100,6.55,RU,2020-10-29 05:35:55
271,Kawalu,-7.38,108.21,83.01,74,92,4.65,ID,2020-10-29 05:35:55
272,Mujiayingzi,42.12,118.78,54.46,33,87,1.03,CN,2020-10-29 05:35:55
273,Hami,42.8,93.45,58.87,29,98,6.87,CN,2020-10-29 05:35:55
274,Karratha,-20.74,116.85,84.36,51,1,16.06,AU,2020-10-29 05:35:47
275,Mersing,2.43,103.84,85.84,74,93,6.6,MY,2020-10-29 05:35:55
276,Itoman,26.12,127.67,82.0,61,40,6.93,JP,2020-10-29 05:35:55
277,Chabahar,25.29,60.64,84.2,42,0,9.17,IR,2020-10-29 05:35:55
278,Yerbogachen,61.28,108.01,17.56,92,100,12.57,RU,2020-10-29 05:35:55
279,Karakol,42.49,78.39,32.86,92,99,5.3,KG,2020-10-29 05:35:55
280,West Des Moines,41.57,-93.75,42.01,81,100,1.99,US,2020-10-29 05:31:11
281,Saldanha,-33.01,17.94,59.0,87,56,3.36,ZA,2020-10-29 05:35:56
282,Bikin,46.82,134.26,38.48,77,80,11.88,RU,2020-10-29 05:35:56
283,Flinders,-34.58,150.86,69.01,72,74,3.0,AU,2020-10-29 05:35:56
284,Tilichiki,60.47,166.1,24.8,90,0,5.59,RU,2020-10-29 05:35:56
285,Chernihiv,51.0,32.0,43.86,90,0,7.38,UA,2020-10-29 05:35:56
286,Rayevskiy,54.07,54.95,36.12,79,99,9.31,RU,2020-10-29 05:35:56
287,Acapulco,16.86,-99.89,79.18,83,92,4.63,MX,2020-10-29 05:35:56
288,Aldan,58.6,125.39,11.61,93,66,2.35,RU,2020-10-29 05:35:56
289,Pafos,34.77,32.42,66.2,52,0,9.17,CY,2020-10-29 05:35:56
290,Alice Springs,-23.7,133.88,98.6,5,0,13.87,AU,2020-10-29 05:35:56
291,Dingle,11.0,122.67,85.32,77,32,8.99,PH,2020-10-29 05:35:56
292,Kangalassy,62.35,129.96,12.2,61,0,4.47,RU,2020-10-29 05:35:56
293,Rotterdam,51.92,4.48,52.0,76,2,11.41,NL,2020-10-29 05:35:56
294,Andenes,69.31,16.12,39.2,93,75,16.11,NO,2020-10-29 05:35:57
295,Rongcheng,30.63,117.85,71.01,76,53,4.68,CN,2020-10-29 05:35:57
296,Waingapu,-9.66,120.26,88.14,61,36,13.91,ID,2020-10-29 05:35:57
297,Manokwari,-0.87,134.08,84.74,68,76,2.08,ID,2020-10-29 05:35:57
298,Toamasina,-18.17,49.38,73.4,94,75,8.05,MG,2020-10-29 05:35:57
299,Machilipatnam,16.17,81.13,84.7,57,37,6.04,IN,2020-10-29 05:35:57
300,Kashi,39.45,75.98,55.4,10,75,20.13,CN,2020-10-29 05:35:57
301,Pueblo Nuevo,23.38,-105.38,51.49,86,0,5.37,MX,2020-10-29 05:35:57
302,Geraldton,-28.77,114.6,91.4,26,0,18.34,AU,2020-10-29 05:35:57
303,Broome,42.25,-75.83,42.8,93,1,3.36,US,2020-10-29 05:35:57
304,Kalabo,-14.97,22.68,77.02,55,46,4.7,ZM,2020-10-29 05:35:57
305,Strzelce Krajenskie,52.88,15.53,46.0,90,96,11.23,PL,2020-10-29 05:35:57
306,Antofagasta,-23.65,-70.4,57.2,82,90,5.82,CL,2020-10-29 05:35:58
307,Rafaela,-31.25,-61.49,44.01,97,0,1.01,AR,2020-10-29 05:35:58
308,Warrington,53.39,-2.58,50.0,76,68,8.05,GB,2020-10-29 05:35:32
309,Alikovo,55.74,46.75,30.2,86,0,11.18,RU,2020-10-29 05:35:58
310,Qasigiannguit,68.82,-51.19,15.8,66,100,5.82,GL,2020-10-29 05:35:58
311,Meulaboh,4.14,96.13,86.56,57,100,6.71,ID,2020-10-29 05:35:58
312,Nioki,-2.72,17.68,72.39,93,73,0.76,CD,2020-10-29 05:35:58
313,Goderich,43.75,-81.72,48.2,61,78,8.05,CA,2020-10-29 05:35:58
314,Diu,20.71,70.98,85.5,41,0,7.85,IN,2020-10-29 05:35:58
315,Hukuntsi,-24.0,21.75,82.17,21,68,6.6,BW,2020-10-29 05:35:58
316,Arrecife,28.96,-13.55,68.0,77,0,11.41,ES,2020-10-29 05:35:58
317,Ibra,22.69,58.53,84.7,13,0,4.03,OM,2020-10-29 05:33:16
318,Bandarbeyla,9.49,50.81,81.93,63,0,3.6,SO,2020-10-29 05:35:58
319,Tornio,65.85,24.15,46.4,87,99,16.11,FI,2020-10-29 05:35:58
320,Naron,43.52,-8.15,55.99,93,75,6.93,ES,2020-10-29 05:35:58
321,Portree,57.41,-6.19,44.01,87,29,5.99,GB,2020-10-29 05:35:58
322,Luderitz,-26.65,15.16,63.59,51,98,18.37,NA,2020-10-29 05:35:58
323,Saryg-Sep,51.5,95.6,37.42,75,100,2.33,RU,2020-10-29 05:35:59
324,Port Lincoln,-34.73,135.87,58.32,72,86,25.21,AU,2020-10-29 05:35:59
325,Sidi Ali,36.1,0.42,57.81,66,30,3.44,DZ,2020-10-29 05:35:59
326,Ciudad Bolivar,8.12,-63.55,78.28,84,11,5.35,VE,2020-10-29 05:35:59
327,Sao Joao Da Barra,-21.64,-41.05,75.16,92,0,12.03,BR,2020-10-29 05:35:59
328,Sur,22.57,59.53,82.56,35,0,5.37,OM,2020-10-29 05:35:59
329,Negara,-8.32,114.6,84.61,72,44,6.53,ID,2020-10-29 05:35:59
330,Pisco,-13.7,-76.22,62.6,82,0,9.17,PE,2020-10-29 05:34:35
331,Hofn,64.25,-15.21,44.08,84,99,25.21,IS,2020-10-29 05:35:59
332,Ohringen,49.2,9.5,50.0,87,100,14.99,DE,2020-10-29 05:35:59
333,Camacha,33.08,-16.33,66.2,72,40,8.05,PT,2020-10-29 05:35:59
334,Ongandjera,-17.88,15.07,69.21,24,9,7.43,NA,2020-10-29 05:35:59
335,Marzuq,14.4,46.47,71.85,22,0,4.85,YE,2020-10-29 05:35:59
336,Tessalit,20.2,1.01,73.31,19,0,10.25,ML,2020-10-29 05:35:59
337,Akyab,20.15,92.9,86.58,67,86,5.14,MM,2020-10-29 05:36:00
338,Mahon,39.89,4.27,57.2,87,0,6.93,ES,2020-10-29 05:36:00
339,Kiama,-34.68,150.87,69.01,76,69,1.01,AU,2020-10-29 05:36:00
340,Ewa Beach,21.32,-158.01,77.0,78,90,5.82,US,2020-10-29 05:36:00
341,Linares,-35.85,-71.6,41.7,83,24,6.17,CL,2020-10-29 05:36:00
342,Tombouctou,20.0,-3.0,78.85,18,0,11.12,ML,2020-10-29 05:36:00
343,Gambat,27.35,68.52,77.0,65,0,2.28,PK,2020-10-29 05:36:00
344,Oranjemund,-28.55,16.43,61.72,65,100,6.06,NA,2020-10-29 05:36:00
345,Novovasylivka,46.83,35.75,53.08,79,81,12.28,UA,2020-10-29 05:36:00
346,Amahai,-3.33,128.92,84.09,68,100,4.85,ID,2020-10-29 05:36:00
347,Wassenberg,51.1,6.15,50.0,87,20,10.29,DE,2020-10-29 05:36:00
348,Bumba,2.18,22.47,70.09,98,100,2.71,CD,2020-10-29 05:36:01
349,Dodge City,37.75,-100.02,42.8,75,90,16.11,US,2020-10-29 05:36:01
350,Mumbwa,-14.98,27.06,79.29,41,0,13.44,ZM,2020-10-29 05:36:01
351,Jumla,29.27,82.18,66.25,23,0,5.59,NP,2020-10-29 05:36:01
352,Sirpur,19.48,79.6,83.79,57,16,4.52,IN,2020-10-29 05:36:01
353,Touros,-5.2,-35.46,75.2,88,0,4.7,BR,2020-10-29 05:36:01
354,Bourg-En-Bresse,46.17,5.17,52.0,95,100,3.0,FR,2020-10-29 05:36:01
355,Manyana,-23.4,21.72,79.09,21,34,4.72,BW,2020-10-29 05:36:01
356,Henties Bay,-22.12,14.28,57.0,90,55,5.01,NA,2020-10-29 05:36:01
357,Belmonte,-15.86,-38.88,77.0,83,75,10.29,BR,2020-10-29 05:36:01
358,Mwene-Ditu,-7.0,23.45,70.41,94,79,5.91,CD,2020-10-29 05:36:01
359,Rawson,-43.3,-65.1,47.16,51,0,8.34,AR,2020-10-29 05:36:02
360,Dongsheng,39.82,109.98,48.63,43,0,4.79,CN,2020-10-29 05:36:02
361,Ilulissat,69.22,-51.1,15.8,66,100,5.82,GL,2020-10-29 05:36:02
362,Den Helder,52.96,4.76,52.0,76,75,19.46,NL,2020-10-29 05:36:02
363,Iacu,-12.77,-40.21,73.15,89,100,7.81,BR,2020-10-29 05:36:02
364,Maceio,-9.67,-35.74,69.8,100,0,4.7,BR,2020-10-29 05:32:26
365,Aykhal,66.0,111.5,-0.81,87,12,3.36,RU,2020-10-29 05:31:37
366,Diez,50.37,8.02,46.0,95,96,1.01,DE,2020-10-29 05:36:02
367,Nizip,37.01,37.79,51.8,50,0,3.62,TR,2020-10-29 05:34:08
368,Burnie,-41.07,145.92,57.43,72,38,5.68,AU,2020-10-29 05:36:02
369,Ocean City,39.28,-74.57,61.0,77,90,9.75,US,2020-10-29 05:36:02
370,Aksu,41.12,80.26,57.22,33,100,0.96,CN,2020-10-29 05:36:02
371,Marsh Harbour,26.54,-77.06,80.78,80,45,13.69,BS,2020-10-29 05:35:16
372,Bathsheba,13.22,-59.52,77.0,94,75,20.8,BB,2020-10-29 05:36:03
373,Tebingtinggi,3.33,99.16,91.0,53,91,5.23,ID,2020-10-29 05:36:03
374,Muli,2.92,73.57,83.23,74,69,11.9,MV,2020-10-29 05:36:03
375,Norman Wells,65.28,-126.83,-2.2,84,75,3.36,CA,2020-10-29 05:36:03
376,Nishihara,26.18,127.76,82.0,51,75,6.93,JP,2020-10-29 05:36:03
377,Kibuye,-2.06,29.35,64.4,88,75,9.17,RW,2020-10-29 05:36:03
378,Mount Isa,-20.73,139.5,95.0,5,0,3.36,AU,2020-10-29 05:36:03
379,Owensboro,37.77,-87.11,55.4,100,90,6.93,US,2020-10-29 05:33:01
380,Yichun,47.7,128.9,37.9,72,65,7.74,CN,2020-10-29 05:36:03
381,Cascais,38.7,-9.42,62.01,74,1,4.7,PT,2020-10-29 05:36:03
382,Rocha,-34.48,-54.33,53.62,80,53,7.56,UY,2020-10-29 05:36:03
383,Torbay,47.67,-52.73,32.0,92,75,4.7,CA,2020-10-29 05:36:03
384,Copiapo,-27.37,-70.33,53.6,81,0,1.48,CL,2020-10-29 05:36:03
385,Utete,-7.99,38.76,84.04,60,82,6.15,TZ,2020-10-29 05:36:03
386,Kloulklubed,7.04,134.26,87.8,70,75,8.05,PW,2020-10-29 05:36:03
387,Phan Thiet,10.93,108.1,83.32,71,95,6.85,VN,2020-10-29 05:36:04
388,Dongning,44.06,131.12,44.6,53,3,14.81,CN,2020-10-29 05:36:04
389,Koumac,-20.57,164.28,76.69,73,77,2.35,NC,2020-10-29 05:36:04
390,Juneau,58.3,-134.42,41.0,86,75,8.05,US,2020-10-29 05:36:04
391,Sembe,1.65,14.58,71.49,94,100,1.7,CG,2020-10-29 05:36:04
392,Havre-Saint-Pierre,50.23,-63.6,30.2,74,90,6.93,CA,2020-10-29 05:36:04
393,Diamantino,-14.41,-56.45,74.17,89,100,4.92,BR,2020-10-29 05:36:04
394,Srednekolymsk,67.45,153.68,7.38,93,74,5.57,RU,2020-10-29 05:36:04
395,Acurenam,1.03,10.65,68.32,98,99,0.29,GQ,2020-10-29 05:36:05
396,Zhezkazgan,47.8,67.71,38.3,65,56,6.49,KZ,2020-10-29 05:36:05
397,Lakes Entrance,-37.88,147.98,68.0,76,5,5.01,AU,2020-10-29 05:36:05
398,Tarko-Sale,64.92,77.78,2.48,90,0,3.83,RU,2020-10-29 05:36:05
399,Beringovskiy,63.05,179.32,26.17,88,6,9.95,RU,2020-10-29 05:36:05
400,Seoul,37.57,126.98,62.6,22,1,5.82,KR,2020-10-29 05:36:05
401,Krasnyy Chikoy,50.36,108.75,44.51,52,74,2.55,RU,2020-10-29 05:36:05
402,La Romana,18.43,-68.97,82.4,74,40,9.17,DO,2020-10-29 05:36:05
403,Coihaique,-45.58,-72.07,37.4,86,0,3.36,CL,2020-10-29 05:36:05
404,Lincoln,40.8,-96.67,42.01,80,99,5.99,US,2020-10-29 05:36:05
405,Palauig,15.44,119.9,83.43,75,100,3.85,PH,2020-10-29 05:36:05
406,Dzilam Gonzalez,21.28,-88.93,73.96,95,54,2.84,MX,2020-10-29 05:36:06
407,Viedma,-40.81,-63.0,44.98,59,0,6.82,AR,2020-10-29 05:36:06
408,Pizarro,4.95,-77.37,73.63,89,100,4.32,CO,2020-10-29 05:36:06
409,Hay River,60.82,-115.8,21.2,85,65,5.82,CA,2020-10-29 05:36:06
410,Saint George,37.1,-113.58,57.2,22,1,3.94,US,2020-10-29 05:36:06
411,Vila Do Maio,15.13,-23.22,77.0,88,0,12.75,CV,2020-10-29 05:36:06
412,Eureka,40.8,-124.16,48.99,81,1,4.7,US,2020-10-29 05:33:40
413,Diego De Almagro,-26.37,-70.05,49.3,49,0,1.45,CL,2020-10-29 05:36:06
414,Boralday,43.36,76.86,41.0,38,40,2.24,KZ,2020-10-29 05:36:06
415,Invercargill,-46.4,168.35,63.0,70,27,1.99,NZ,2020-10-29 05:34:38
416,Praia Da Vitoria,38.73,-27.07,68.0,100,40,23.22,PT,2020-10-29 05:36:06
417,Santo Antonio Do Ica,-3.1,-67.94,75.78,88,38,1.74,BR,2020-10-29 05:36:06
418,Kathu,7.92,98.33,84.0,78,40,13.87,TH,2020-10-29 05:36:06
419,Andros Town,24.7,-77.77,80.6,83,20,6.93,BS,2020-10-29 05:36:06
420,Ahuimanu,21.44,-157.84,77.0,94,90,9.17,US,2020-10-29 05:36:06
421,Harer,9.31,42.13,69.66,23,0,3.49,ET,2020-10-29 05:36:07
422,Ust-Kan,50.93,84.76,27.25,84,78,8.7,RU,2020-10-29 05:36:07
423,Mushie,-3.02,16.9,73.22,92,99,0.85,CD,2020-10-29 05:35:39
424,Melfort,52.87,-104.62,26.6,79,0,6.93,CA,2020-10-29 05:36:07
425,Wangqing,43.32,129.76,45.77,49,0,9.51,CN,2020-10-29 05:36:07
426,Ingham,42.6,-84.38,42.01,75,1,3.22,US,2020-10-29 05:36:07
427,Ostrovnoy,68.05,39.51,40.23,90,100,20.8,RU,2020-10-29 05:36:07
428,Nemuro,43.32,145.57,51.8,87,40,5.82,JP,2020-10-29 05:36:07
429,Souillac,-20.52,57.52,80.01,56,78,10.0,MU,2020-10-29 05:36:07
430,Mpika,-11.83,31.45,73.67,47,65,15.99,ZM,2020-10-29 05:36:08
431,Yatou,37.15,122.38,59.72,34,91,10.6,CN,2020-10-29 05:36:08
432,Nimaparha,20.07,86.02,86.02,41,2,8.81,IN,2020-10-29 05:36:08
433,Huntsville,34.73,-86.59,73.4,94,90,13.87,US,2020-10-29 05:33:33
434,Mayo,38.89,-76.51,62.01,87,90,3.36,US,2020-10-29 05:36:08
435,Concarneau,47.88,-3.92,55.4,93,90,9.17,FR,2020-10-29 05:36:08
436,Mingyue,43.11,128.92,44.11,51,0,12.84,CN,2020-10-29 05:36:08
437,Oussouye,12.48,-16.55,78.13,77,83,5.64,SN,2020-10-29 05:36:09
438,Opuwo,-18.06,13.84,70.95,23,36,6.64,NA,2020-10-29 05:36:09
439,Hammerfest,70.66,23.68,37.4,86,75,13.87,NO,2020-10-29 05:36:09
440,Turtas,58.94,69.13,32.59,96,100,12.12,RU,2020-10-29 05:36:09
441,Drayton Valley,53.22,-114.99,36.0,85,100,6.49,CA,2020-10-29 05:36:09
442,Constitucion,-35.33,-72.42,48.78,72,0,7.09,CL,2020-10-29 05:36:09
443,Portland,45.52,-122.68,53.01,87,20,3.36,US,2020-10-29 05:35:00
444,Weligama,5.97,80.42,86.09,64,90,9.46,LK,2020-10-29 05:36:09
445,Waitakere,-36.92,174.66,66.99,72,94,11.41,NZ,2020-10-29 05:36:09
446,Kaduqli,11.02,29.72,82.9,30,0,6.67,SD,2020-10-29 05:36:09
447,Derbent,42.07,48.29,63.07,76,11,2.68,RU,2020-10-29 05:36:09
448,Mana,5.66,-53.78,78.96,86,75,10.69,GF,2020-10-29 05:36:09
449,Harper,4.38,-7.72,77.14,89,98,5.46,LR,2020-10-29 05:36:09
450,Camocim,-2.9,-40.84,75.81,88,39,11.5,BR,2020-10-29 05:36:09
451,Guararapes,-21.26,-50.64,75.85,78,60,6.02,BR,2020-10-29 05:36:10
452,Gravdal,68.12,13.5,37.4,93,20,2.24,NO,2020-10-29 05:36:10
453,Grand Forks,47.94,-97.43,26.6,86,90,2.68,US,2020-10-29 05:36:10
454,Boguchany,58.38,97.45,34.45,86,86,11.48,RU,2020-10-29 05:36:10
455,Gaeta,41.22,13.56,52.0,73,0,5.12,IT,2020-10-29 05:36:10
456,Meadow Lake,34.8,-106.54,37.4,74,1,3.36,US,2020-10-29 05:36:10
457,Gladstone,-23.85,151.25,91.4,15,0,10.29,AU,2020-10-29 05:31:32
458,Pevek,69.7,170.31,18.34,94,100,14.05,RU,2020-10-29 05:36:10
459,Toora-Khem,52.47,96.11,35.4,73,99,2.42,RU,2020-10-29 05:36:10
460,Olinda,-8.01,-34.86,80.6,74,75,8.05,BR,2020-10-29 05:35:39
461,Poltavka,54.37,71.76,33.76,93,100,12.46,RU,2020-10-29 05:36:10
462,Acari,-15.43,-74.62,64.18,71,47,3.87,PE,2020-10-29 05:36:10
463,Breisach,48.03,7.58,54.0,87,100,11.41,DE,2020-10-29 05:36:10
464,Ahipara,-35.17,173.17,63.05,90,100,5.91,NZ,2020-10-29 05:36:10
465,Tiksi,71.69,128.87,1.76,91,98,13.42,RU,2020-10-29 05:36:10
466,Russell,32.35,-85.2,78.8,74,90,17.22,US,2020-10-29 05:36:11
467,Lebu,-37.62,-73.65,47.75,80,0,20.07,CL,2020-10-29 05:36:11
468,Floro,61.6,5.03,50.0,81,100,9.17,NO,2020-10-29 05:36:11
469,Vardo,70.37,31.11,37.4,86,75,9.17,NO,2020-10-29 05:36:11
470,Wentzville,38.81,-90.85,46.0,96,100,11.48,US,2020-10-29 05:36:11
471,Synya,65.37,58.04,40.44,92,100,15.28,RU,2020-10-29 05:36:11
472,Port Macquarie,-31.43,152.92,61.0,93,90,4.7,AU,2020-10-29 05:36:11
473,Beloha,-25.17,45.05,79.45,53,12,18.37,MG,2020-10-29 05:36:11
474,Pangnirtung,66.15,-65.71,11.37,83,74,4.14,CA,2020-10-29 05:36:11
475,Havoysund,71.0,24.66,37.4,95,0,20.8,NO,2020-10-29 05:36:11
476,Lahaina,20.88,-156.68,82.4,73,90,11.41,US,2020-10-29 05:35:16
477,Linhares,-19.39,-40.07,75.11,93,99,5.17,BR,2020-10-29 05:36:11
478,Conde,-7.26,-34.91,77.0,83,40,5.82,BR,2020-10-29 05:36:11
479,Finschhafen,-6.6,147.87,84.67,69,88,7.83,PG,2020-10-29 05:36:11
480,Progreso,21.28,-89.67,79.0,94,75,4.7,MX,2020-10-29 05:36:11
481,Rincon,32.3,-81.24,78.8,83,75,12.75,US,2020-10-29 05:36:12
482,San Quintin,30.48,-115.95,60.87,53,0,3.91,MX,2020-10-29 05:36:12
483,Necochea,-38.55,-58.74,51.01,73,28,15.99,AR,2020-10-29 05:33:02
484,Cidreira,-30.18,-50.21,67.1,84,53,6.98,BR,2020-10-29 05:36:12
485,Anadyr,64.75,177.48,10.4,92,40,4.47,RU,2020-10-29 05:36:12
486,Khromtau,50.25,58.43,40.78,63,6,7.78,KZ,2020-10-29 05:36:12
487,Charlottetown,46.24,-63.13,37.0,74,90,3.36,CA,2020-10-29 05:35:11
488,Marinette,45.1,-87.63,41.0,75,90,10.29,US,2020-10-29 05:32:00
489,Bengkulu,-3.8,102.27,84.15,67,98,7.58,ID,2020-10-29 05:36:12
490,Maragogi,-9.01,-35.22,74.12,86,93,7.0,BR,2020-10-29 05:36:12
491,Mattawa,46.74,-119.9,42.8,86,1,3.36,US,2020-10-29 05:33:08
492,Torrelavega,43.35,-4.05,53.01,96,57,1.99,ES,2020-10-29 05:36:12
493,Lazurne,46.08,32.53,50.0,100,90,6.71,UA,2020-10-29 05:36:13
494,Staroye Drozhzhanoye,54.73,47.57,34.9,80,0,9.66,RU,2020-10-29 05:36:13
495,Binga,-17.62,27.34,84.43,37,0,11.54,ZW,2020-10-29 05:36:13
496,Chapais,49.78,-74.85,24.8,92,90,11.41,CA,2020-10-29 05:36:13
497,Boffa,10.17,-14.03,74.16,94,52,2.57,GN,2020-10-29 05:36:13
498,Korla,41.76,86.15,56.26,35,99,6.87,CN,2020-10-29 05:36:13
499,Brae,60.4,-1.35,50.0,87,75,11.41,GB,2020-10-29 05:36:13
500,Wagar,16.15,36.2,84.78,40,0,11.43,SD,2020-10-29 05:36:13
501,Albion,42.24,-84.75,41.0,75,1,3.76,US,2020-10-29 05:36:13
502,Pulandian,39.4,121.97,62.6,42,0,8.95,CN,2020-10-29 05:36:13
503,Tual,-5.67,132.75,83.01,69,71,1.57,ID,2020-10-29 05:36:13
504,Kieta,-6.22,155.63,82.83,73,100,1.03,PG,2020-10-29 05:36:13
505,Juarez,31.73,-106.48,46.99,70,1,4.7,MX,2020-10-29 05:35:57
506,Ponta Delgada,37.73,-25.67,66.2,88,75,14.99,PT,2020-10-29 05:36:14
507,Beyneu,45.32,55.2,46.53,56,79,19.15,KZ,2020-10-29 05:36:14
508,Montevideo,-34.83,-56.17,57.2,67,0,11.41,UY,2020-10-29 05:31:21
509,Nara,34.69,135.8,71.6,37,75,8.05,JP,2020-10-29 05:36:14
510,Ulaangom,49.98,92.07,41.04,60,81,4.16,MN,2020-10-29 05:36:14
511,Allada,6.67,2.15,78.8,94,40,3.36,BJ,2020-10-29 05:36:14
512,Caconda,-13.73,15.07,63.86,87,57,4.38,AO,2020-10-29 05:36:14
513,Terre-De-Bas,15.85,-61.64,78.8,88,100,4.7,GP,2020-10-29 05:36:14
514,Eucaliptus,-17.58,-67.52,45.05,48,13,1.79,BO,2020-10-29 05:36:14
515,Samarai,-10.62,150.67,82.8,73,76,8.48,PG,2020-10-29 05:36:14
516,Naze,28.37,129.48,80.6,78,75,8.05,JP,2020-10-29 05:36:14
517,Jutai,-5.18,-68.9,75.81,89,43,1.21,BR,2020-10-29 05:36:14
518,Chara,56.91,118.26,15.67,92,80,0.96,RU,2020-10-29 05:36:14
519,Birpur,26.52,87.02,86.99,42,0,4.43,IN,2020-10-29 05:36:14
520,Anloga,5.79,0.9,75.2,94,20,2.24,GH,2020-10-29 05:36:14
521,Akhmim,26.56,31.75,69.8,73,0,3.36,EG,2020-10-29 05:36:15
522,Waw,7.7,28.0,81.61,66,0,1.63,SS,2020-10-29 05:36:15
523,Iqaluit,63.75,-68.51,15.8,66,90,14.99,CA,2020-10-29 05:36:15
524,Bajna,27.9,77.68,86.83,15,0,1.81,IN,2020-10-29 05:36:15
525,Les Cayes,18.2,-73.75,78.12,81,17,0.74,HT,2020-10-29 05:36:15
526,Suratgarh,29.32,73.9,87.35,13,0,5.01,IN,2020-10-29 05:36:15
527,Lazaro Cardenas,17.96,-102.2,77.32,89,8,3.38,MX,2020-10-29 05:36:15
528,Cayenne,4.93,-52.33,77.0,100,0,2.24,GF,2020-10-29 05:36:15
529,Thurso,58.59,-3.53,42.8,87,68,2.24,GB,2020-10-29 05:36:15
530,Petropavlovskoye,52.07,84.11,31.57,88,98,18.97,RU,2020-10-29 05:36:15
531,Tuni,17.35,82.55,86.11,48,19,5.21,IN,2020-10-29 05:36:15
532,Awjilah,29.11,21.29,64.15,73,0,2.3,LY,2020-10-29 05:36:15
533,Olot,42.18,2.49,52.0,99,62,1.01,ES,2020-10-29 05:36:15
534,Skaerbaek,55.16,8.77,50.0,93,75,10.29,DK,2020-10-29 05:36:15
535,Roald,62.58,6.13,44.6,93,100,4.7,NO,2020-10-29 05:36:15
536,Kasongo-Lunda,-6.47,16.82,72.88,89,72,1.79,CD,2020-10-29 05:36:16
537,Angoche,-16.23,39.91,82.74,59,0,6.64,MZ,2020-10-29 05:36:16
538,Iralaya,15.0,-83.23,80.22,86,0,7.81,HN,2020-10-29 05:36:16
539,College,64.86,-147.8,19.99,85,90,3.36,US,2020-10-29 05:36:16
540,Port Hardy,50.7,-127.42,50.0,100,90,4.7,CA,2020-10-29 05:36:16
541,Hokitika,-42.72,170.97,58.41,93,100,7.7,NZ,2020-10-29 05:36:16
542,Galle,6.04,80.22,84.02,70,83,9.71,LK,2020-10-29 05:36:16
543,Saint-Pierre,-21.34,55.48,75.2,73,75,23.04,RE,2020-10-29 05:35:00
544,Dzaoudzi,-12.79,45.27,82.4,74,75,3.36,YT,2020-10-29 05:36:16
545,Cracow,43.74,-82.82,46.0,70,1,5.82,US,2020-10-29 05:36:16
546,Laguna,38.42,-121.42,55.0,58,1,1.39,US,2020-10-29 05:36:16
547,Nantucket,41.28,-70.1,55.38,74,100,12.17,US,2020-10-29 05:34:48
548,Hedaru,-4.5,37.9,74.91,65,97,5.86,TZ,2020-10-29 05:36:16
549,Magadi,12.97,77.23,82.99,44,38,7.47,IN,2020-10-29 05:36:16
550,Rudnogorsk,57.26,103.75,35.06,81,88,9.62,RU,2020-10-29 05:36:16
551,Ambon,-3.7,128.18,83.55,70,82,4.76,ID,2020-10-29 05:36:17
552,Akabira,43.55,142.05,50.0,49,75,9.17,JP,2020-10-29 05:36:17
553,Taltal,-25.4,-70.48,54.48,77,37,0.09,CL,2020-10-29 05:36:17
554,Saint Anthony,45.02,-93.22,39.2,74,90,8.05,US,2020-10-29 05:32:24
555,Kargasok,59.06,80.86,12.07,93,97,9.06,RU,2020-10-29 05:36:17
556,Sambava,-14.27,50.17,79.56,67,19,13.13,MG,2020-10-29 05:36:17
557,Panlaitan,12.12,119.85,84.94,71,24,8.57,PH,2020-10-29 05:36:17
558,Ixtapa,20.7,-105.2,80.6,78,75,2.08,MX,2020-10-29 05:36:17
559,Brainerd,46.36,-94.2,32.0,97,90,9.17,US,2020-10-29 05:36:17
560,Luebo,-5.35,21.42,73.47,84,88,2.46,CD,2020-10-29 05:36:17
561,Coahuayana,18.73,-103.68,76.95,88,36,2.13,MX,2020-10-29 05:36:17
562,Gushikawa,26.35,127.87,82.0,65,75,9.17,JP,2020-10-29 05:36:18
563,Muros,42.78,-9.06,55.99,93,50,3.0,ES,2020-10-29 05:36:18
